pm10,pm2_5,co,no2,o3,so2,cluster
10.0,13.0,2.8,1.4,40.3,3.1,1
82.0,162.0,10.9,18.8,94.9,6.1,3
9.0,1.0,3.4,9.3,37.6,1.5,1
45.5,13.0,7.15,14.05,66.25,3.8,2
13.0,38.0,5.6,24.1,8.0,0.2,4
23.0,45.0,0.1,33.5,13.4,0.6,4
18.0,49.0,1.9,7.6,21.5,0.7,4
112.0,96.0,1.5,1.8,11.6,14.9,3
106.0,154.0,4.1,7.2,71.6,7.6,3
27.0,21.0,2.5,12.8,20.3,1.6,4
10.0,25.0,0.1,3.7,25.6,4.6,1
20.0,27.0,1.2,1.0,19.2,1.6,4
20.0,21.0,4.0,2.350000000000003,12.0,2.0,2
10.0,20.0,12.7,1.6,15.6,1.0,2
17.0,35.0,3.1,10.8,22.9,0.2,4
19.0,38.0,0.1,10.1,23.6,0.6,4
22.0,55.0,1.6000000000000014,12.4,22.8,0.4,4
68.0,132.0,3.9,18.7,6.7,5.8,3
45.0,93.5,3.9,15.550000000000004,14.75,5.8,2
68.0,8.0,3.9,18.7,6.7,5.8,2
12.0,25.0,5.9,29.1,27.4,3.9,1
34.0,70.0,0.1,1.8,16.2,0.6,0
12.0,75.0,6.9,45.1,6.9,1.8,0
23.0,72.5,3.5000000000000018,23.450000000000006,11.55,1.1999999999999995,2
12.0,80.0,6.9,45.1,6.9,1.8,0
4.0,11.0,5.6,11.2,28.9,7.8,1
16.0,38.0,2.4,5.8,33.4,5.2,4
28.0,65.0,10.0,34.3,6.4,1.5,0
22.0,4.0,6.200000000000002,20.050000000000004,19.900000000000002,3.35,2
39.0,72.0,2.8,33.0,2.0,1.1,0
39.0,34.0,2.8,33.0,2.0,1.1,2
18.0,50.0,8.8,5.5,9.9,3.4,4
18.0,42.0,8.8,5.5,9.9,3.4,2
18.0,57.0,8.8,5.5,9.9,3.4,0
5.0,99.0,1.9,7.8,13.0,,0
5.0,78.0,1.9,7.8,13.0,,2
5.0,80.0,1.9,7.8,13.0,,0
28.0,63.0,,23.9,23.2,,0
22.0,33.0,,7.4,21.6,,4
25.0,42.0,,30.2,22.4,,4
38.0,78.0,5.5,12.8,41.5,3.6,0
38.0,82.0,5.5,21.500000000000004,41.5,3.6,0
40.0,78.0,5.7,25.4,22.3,0.9,0
40.0,80.0,5.7,25.4,22.3,0.9,2
10.0,13.0,2.8,1.4,40.3,3.1,1
82.0,162.0,10.9,18.8,94.9,6.1,3
9.0,1.0,3.4,9.3,37.6,1.5,1
45.5,13.0,7.150000000000002,14.050000000000004,66.25,3.8,2
13.0,38.0,5.6,24.1,8.0,0.2,4
23.0,45.0,0.1,33.5,13.4,0.6,4
18.0,49.0,1.9,7.6,21.5,0.7,4
112.0,96.0,1.5,1.8,11.6,14.9,3
106.0,154.0,4.1,7.2,71.6,7.6,3
27.0,21.0,2.5,12.8,20.3,1.6,4
10.0,25.0,0.1,3.7,25.6,4.6,1
20.0,27.0,1.2,1.0,19.2,1.6,4
20.0,21.0,4.0,2.350000000000003,12.0,2.0,2
10.0,20.0,12.7,1.6,15.6,1.0,2
17.0,35.0,3.1,10.8,22.9,0.2,4
19.0,38.0,0.1,10.1,23.6,0.6,4
22.0,55.0,1.6000000000000032,12.4,22.8,0.4,4
68.0,132.0,3.9,18.7,6.7,5.8,3
45.0,93.5,3.9,15.550000000000004,14.75,5.8,2
68.0,8.0,3.9,18.7,6.7,5.8,2
12.0,25.0,5.9,29.1,27.4,3.9,1
34.0,70.0,0.1,1.8,16.2,0.6,0
12.0,75.0,6.9,45.1,6.9,1.8,0
23.0,72.5,3.5000000000000036,23.450000000000006,11.55,1.1999999999999995,2
12.0,80.0,6.9,45.1,6.9,1.8,0
4.0,11.0,5.6,11.2,28.9,7.8,1
16.0,38.0,2.4,5.8,33.4,5.2,4
28.0,65.0,10.0,34.3,6.4,1.5,0
22.0,4.0,6.200000000000004,20.050000000000004,19.900000000000002,3.35,2
39.0,72.0,2.8,33.0,2.0,1.1,0
39.0,34.0,2.8,33.0,2.0,1.1,2
18.0,50.0,8.8,5.5,9.9,3.4,4
18.0,42.0,8.8,5.5,9.9,3.4,2
18.0,57.0,8.8,5.5,9.9,3.4,0
5.0,99.0,1.9,7.8,13.0,,0
5.0,78.0,1.9,7.8,13.0,,2
5.0,80.0,1.9,7.8,13.0,,0
28.0,63.0,,23.9,23.2,,0
22.0,33.0,,7.4,21.6,,4
25.0,42.0,,30.2,22.4,,4
38.0,78.0,5.5,12.8,41.5,3.6,0
38.0,82.0,5.5,21.500000000000004,41.5,3.6,0
40.0,78.0,5.7,25.4,22.3,0.9,0
40.0,80.0,5.7,25.4,22.3,0.9,2
2.0,5.0,5.7,25.4,22.3,0.9,2
2.0,95.0,,,,,0
2.0,90.0,,,,,0
20.0,42.0,,9.2,,,4
20.0,21.0,4.0,9.2,12.0,2.0,2
10.0,1.0,3.4,7.5,36.8,4.3,1
15.0,63.0,3.7000000000000037,7.5,24.399999999999995,3.1499999999999995,0
36.0,55.0,0.1,3.7,44.7,4.1,4
59.0,129.0,6.4,11.0,39.4,4.6,3
55.0,30.0,2.8,2.3,41.9,1.6,4
33.0,68.0,3.7,8.3,40.65,2.1,0
63.0,72.0,2.8,5.1,47.6,4.1,0
66.0,147.0,6.4,6.9,72.1,3.1,3
45.0,82.0,2.8,6.0,55.8,3.6,0
62.0,99.0,2.8,5.5,63.95,5.1,3
87.0,91.0,3.7,8.3,47.6,3.1,3
30.0,25.0,3.7,6.0,27.0,2.1,4
30.0,25.0,3.7,6.0,27.0,2.1,4
15.0,25.0,1.9,4.6,27.0,4.1,2
82.0,162.0,10.9,18.8,94.9,6.1,3
58.0,65.0,2.8,3.7,94.9,3.1,0
30.0,80.0,4.6,7.4,25.6,4.6,0
30.0,89.0,4.6,8.7,25.6,3.1,0
25.0,65.0,2.8,1.9,35.8,2.1,4
63.0,80.0,4.6,7.4,35.8,5.1,0
50.0,95.0,5.5,11.9,35.8,9.7,0
42.0,53.0,0.1,2.3,50.0,4.1,4
20.0,13.0,1.9,2.3,41.1,1.1,1
50.0,114.0,8.2,7.4,35.0,6.1,3
53.0,114.0,7.3,20.2,38.05,2.1,3
20.0,61.0,4.6,6.9,35.0,2.1,0
25.0,50.0,0.1,4.2,45.9,3.6,4
38.0,78.0,5.5,12.8,41.5,3.6,0
20.0,61.0,6.4,6.4,30.9,2.6,4
17.0,55.0,4.6,13.3,30.9,3.1,4
63.0,124.0,6.4,4.6,30.9,4.6,3
52.0,59.0,4.6,4.2,30.9,3.1,0
30.0,50.0,2.8,4.6,,3.6,0
66.0,30.0,1.9,2.3,,2.1,4
76.0,122.0,10.0,7.8,32.5,5.6,3
61.0,50.0,3.7,3.7,32.5,4.1,0
106.0,171.0,0.1,25.6,1.7,6.1,3
54.0,50.0,4.6,4.6,1.7,4.1,0
30.0,55.0,3.7,8.3,19.5,4.1,4
55.0,30.0,2.8,2.3,41.9,1.6,4
18.0,30.0,0.1,4.6,43.5,3.6,1
75.0,157.0,8.2,6.9,42.7,8.2,3
61.0,109.0,6.4,16.0,17.9,3.1,3
26.0,30.0,3.7,6.0,41.5,1.1,4
34.0,65.0,3.7,8.3,9.8,3.6,0
29.0,63.0,2.8,5.5,25.650000000000002,3.1,0
63.0,151.0,10.0,18.3,10.2,4.6,3
38.0,76.0,6.4,3.7,10.2,3.1,0
57.0,76.0,1.9,4.2,24.8,2.6,0
47.5,63.0,4.150000000000006,3.9500000000000046,24.8,2.8500000000000005,0
73.0,159.0,8.2,10.6,8.2,6.1,3
49.0,57.0,3.7,6.4,8.2,5.6,0
40.0,89.0,6.4,6.9,2.0,5.1,0
26.0,78.0,5.5,7.4,2.0,4.6,0
50.0,68.0,5.5,5.5,3.7,6.6,0
25.0,61.0,0.1,1.4,42.3,2.6,4
80.0,89.0,4.6,5.1,23.0,4.6,3
61.0,87.0,4.6,7.4,49.6,3.1,3
61.0,139.0,5.5,9.6,34.2,4.6,3
61.0,113.0,0.7,0.6,41.900000000000006,2.2,2
61.0,80.0,3.100000000000005,5.100000000000005,34.2,3.4000000000000012,0
,57.0,0.7,0.6,,2.2,0
,156.0,,,,,3
,61.0,,,,,0
53.0,59.0,14.0,31.0,,32.0,0
7.0,60.0,14.0,3.7,,11.7,2
30.0,95.0,14.0,17.350000000000005,,21.85,0
61.0,62.0,16.1,19.9,6.3,3.0,0
21.0,78.5,16.1,19.9,8.0,1.0,2
33.0,62.0,3.0,12.0,7.0,2.0000000000000018,2
63.0,53.0,0.1,8.3,7.5,2.6,0
48.0,70.0,1.5500000000000054,10.150000000000006,7.0,2.6,0
68.0,78.0,0.1,2.8,37.8,4.6,0
68.0,4.0,,2.8,37.8,4.6,2
68.0,74.0,,2.8,37.8,4.6,0
23.0,64.0,6.5,6.0,9.3,2.6,0
28.0,68.0,2.2,16.2,1.6,2.6,0
29.0,56.0,4.350000000000005,19.6,33.1,8.8,4
29.0,56.0,2.2,19.6,33.1,8.8,4
13.0,31.0,3.4,19.6,33.1,6.3,2
21.0,73.0,3.4,19.6,33.1,7.5500000000000025,0
13.0,53.0,11.0,19.0,,18.0,0
27.0,43.0,11.0,65.0,,9.0,4
27.0,42.0,6.0,31.0,,8.0,4
52.0,72.0,6.0,48.00000000000001,,8.5,0
23.0,45.0,0.1,33.5,13.4,0.6,4
20.0,27.0,1.2,1.0,19.2,0.6,4
11.0,38.0,1.5,3.8,8.0,0.8,4
9.0,13.0,1.3500000000000052,2.4000000000000057,13.599999999999998,0.8,2
23.0,48.0,1.5,6.4,8.0,0.8,4
23.0,8.0,2.1,3.7,,,2
23.0,28.0,2.1,5.050000000000008,9.4,,2
4.0,15.0,3.7,2.9,4.6,0.3,2
1.0,5.0,3.7,2.9,6.999999999999998,0.3,2
10.0,15.0,3.7,1.0,11.0,0.3,2
76.0,186.0,3.7,173.0,5.4,4.2,3
14.0,100.5,2.8,1.9,8.2,4.2,2
16.0,18.0,0.1,10.6,19.9,1.1,1
14.0,18.0,2.8,1.9,19.9,1.1,2
15.0,15.0,6.4,3.7,21.0,5.1,1
14.0,18.0,0.1,9.7,2.9,5.1,2
,17.0,1.9,5.1,30.4,0.2,1
,13.0,1.0000000000000053,7.4,16.65,0.2,2
,21.0,3.4,7.1,17.6,0.2,1
6.0,13.0,2.3,9.3,16.8,0.3,1
26.0,44.0,1.3,8.2,13.0,0.1,4
13.0,38.0,5.6,24.1,8.0,0.2,4
19.5,42.0,3.450000000000005,30.2,10.499999999999998,0.15000000000000177,4
13.0,40.0,5.6,2.5,18.4,0.3,1
,13.0,,2.5,6.4,0.2,2
10.0,18.0,2.3,4.7,24.8,0.2500000000000018,1
6.0,21.0,2.3,4.2,11.4,0.6,2
8.0,8.0,2.3,4.449999999999998,18.1,0.6,2
6.0,18.0,1.2,1.4,34.1,0.8,1
,10.0,1.2,1.4,34.1,0.8,2
,17.0,1.9,4.1,32.0,0.2,1
,53.0,1.9,4.1,32.0,0.2,4
,8.0,178.4,2.7,17.6,0.2,1
12.0,29.0,178.4,2.7,17.6,,2
12.0,32.0,178.4,2.7,17.6,,2
12.0,55.0,,,12.1,1.9,4
22.0,30.0,2.1,1.7,47.2,0.3,1
22.0,17.0,2.3,9.3,31.2,1.1000000000000016,1
24.0,21.0,0.1,6.6,7.4,0.9,2
16.0,28.0,4.6,0.6,12.2,0.1,2
6.0,21.0,2.3,4.2,11.4,0.6,2
9.0,21.0,0.1,0.7,11.4,0.1,2
7.5,46.0,5.0,32.5,0.1,1.5,4
9.0,21.0,5.0,7.1,21.6,0.2,1
,33.5,5.0,19.8,14.1,0.8500000000000018,2
,8.0,1.0,1.1,14.2,0.1,2
,15.0,6.4,3.7,21.0,5.1,1
10.0,20.0,12.7,1.6,17.599999999999998,1.0,2
22.0,50.0,9.55,7.5,28.0,3.0500000000000016,4
16.0,4.0,12.7,4.55,28.0,1.0,2
20.0,27.0,1.2,1.0,19.2,,4
23.0,45.0,0.1,33.5,13.4,0.6,4
34.0,17.0,0.6500000000000009,13.8,16.3,7.6,2
4.0,9.0,0.1,23.65,13.4,4.100000000000001,2
10.0,25.0,0.1,3.7,25.6,7.6,1
11.0,30.0,0.1,5.1,25.6,,2
9.0,64.0,0.1,2.3,29.3,12.6,4
10.0,34.0,0.1,3.6999999999999997,16.8,12.6,4
17.0,35.0,3.1,10.8,22.9,0.2,4
20.0,38.0,3.1,7.2,20.3,0.2,4
22.0,33.0,3.1,7.4,21.6,0.2,4
2.0,35.5,0.1,1.1,20.95,,2
7.0,8.0,0.1,4.25,21.6,,2
11.0,18.0,2.6,1.6,30.2,0.3,1
12.0,30.0,0.1,5.1,22.4,1.6,4
11.5,24.0,1.350000000000001,3.3499999999999996,26.299999999999997,0.9500000000000018,2
23.0,64.0,6.5,6.0,9.3,2.6,0
13.0,35.0,0.6,6.0,9.3,0.1,2
16.0,34.0,2.3,1.9,42.4,1.5,4
14.5,61.0,1.450000000000001,1.9,42.4,0.8000000000000018,0
16.0,47.5,3.0,11.5,0.1,40.6,2
,156.0,3.0,11.5,0.1,40.6,3
13.0,31.0,3.4,11.5,0.1,6.3,2
13.0,1.0,3.4,0.6,28.9,6.3,1
76.0,186.0,3.7,173.0,5.4,4.2,3
76.0,93.5,3.7,86.8,17.149999999999995,4.2,2
25.0,23.0,5.7,2.4,39.8,4.2,1
25.0,23.0,5.7,2.4,39.8,,2
25.0,80.0,5.7,2.4,39.8,,0
,52.0,,,,,4
,19.0,,,,,2
,52.0,,,,,4
,64.0,,,,,0
,19.0,,,,,2
76.0,186.0,3.7,173.0,5.4,4.2,3
76.0,102.5,3.7,173.0,5.4,4.2,2
76.0,186.0,3.7,173.0,5.4,4.2,2
,25.0,2.3,5.3,21.6,1.5,1
,13.0,2.3,2.5,6.4,0.2,2
,8.0,2.3,3.9,13.999999999999996,0.85,2
18.0,49.0,1.9,7.6,21.5,0.7,4
18.0,90.0,1.9,7.6,21.5,0.7,0
23.0,8.0,2.1,3.7,21.5,0.7,2
14.0,49.0,4.8,20.7,13.2,1.6,2
18.5,102.0,3.450000000000001,12.2,13.2,1.6,0
5.0,9.0,0.1,4.2,27.3,1.6,1
5.0,55.5,0.7,0.6,27.3,2.2,2
10.0,20.0,3.0,4.0,26.8,0.2,1
10.0,20.0,1.8500000000000003,4.0,26.8,11.0,2
10.0,20.0,3.0,4.0,26.8,0.2,1
20.0,24.0,7.1,42.5,0.8,0.7,2
20.0,42.0,5.050000000000001,9.2,13.799999999999997,0.4500000000000002,4
20.0,57.0,7.1,25.85,0.8,0.7,0
34.0,17.0,,13.8,,7.6,2
34.0,55.0,,13.8,12.1,1.9,4
19.0,40.0,,7.3,12.1,4.75,4
19.0,95.0,,7.3,12.1,1.9,0
19.0,61.0,,7.3,,,0
20.0,38.0,0.1,6.9,24.0,0.6,4
11.0,34.0,0.1,6.1,26.4,0.7,4
15.0,34.0,2.8,2.8,40.7,3.1,4
35.0,70.0,4.4,18.9,3.2,3.5,0
10.0,21.0,0.1,2.8,28.1,3.3,1
17.0,39.0,2.2500000000000004,10.2,20.2,3.5,4
5.0,13.0,0.1,3.2,27.3,,1
10.0,42.0,2.0,3.1,0.7,0.1,4
16.0,13.0,2.0,6.4,24.8,0.1,1
6.0,13.0,2.3,9.3,16.8,0.3,1
17.0,57.0,2.2,10.6,20.799999999999997,0.6,0
7.0,17.0,2.2500000000000004,3.7,28.1,0.6,1
9.0,13.0,2.2,7.1499999999999995,28.1,0.6,2
14.0,15.0,2.8,1.9,28.1,0.6,2
11.5,57.0,2.8,1.9,,,0
14.0,57.0,2.8,1.9,11.4,,2
,35.0,,,11.4,,2
,33.0,,,21.6,0.2,1
46.0,70.0,7.9,24.5,63.6,5.0,4
18.0,50.0,8.8,5.5,9.9,3.4,4
32.0,6.0,8.350000000000001,15.0,36.75,4.2,2
19.0,24.0,8.8,5.5,36.1,3.4,1
4.0,11.0,1.2,5.6,16.0,1.8,2
12.0,23.0,2.7,2.3,31.0,0.4,1
11.0,27.0,1.2,9.7,28.9,0.8,1
79.0,117.0,3.7,6.1,63.3,6.3,3
23.0,55.0,2.450000000000001,12.5,46.099999999999994,3.55,0
28.0,62.0,3.7,23.9,23.3,6.3,0
17.0,26.0,,18.2,23.3,0.2,2
23.0,55.0,,12.5,23.3,0.2,0
16.0,30.0,0.3,1.4,29.9,0.3,4
19.5,17.0,0.3,1.0,26.4,1.5,1
24.0,55.0,0.1,18.3,28.149999999999995,0.5,0
15.0,10.0,6.7,20.5,0.8,0.3,2
17.0,36.0,0.1,19.2,16.4,0.5,4
15.0,53.0,4.5,6.5,42.4,1.5,4
16.0,35.0,2.3000000000000003,12.85,8.2,0.9999999999999999,2
17.0,49.0,4.5,1.5,25.29999999999999,1.5,4
60.0,55.0,3.4,3.1,8.2,,0
38.5,34.0,3.4,2.3,16.8,,4
16.0,34.0,3.4,8.3,21.2,,4
16.0,57.0,,8.3,18.999999999999996,,0
13.0,16.0,0.1,11.5,27.0,2.6,1
32.0,72.0,0.1,11.5,19.2,3.8,0
22.5,9.0,0.1,2.8,28.1,3.2,1
32.0,8.0,1.0,1.1,14.2,0.1,2
12.0,30.0,0.1,4.6,22.4,1.6,4
56.0,120.0,0.1,42.0,18.29999999999999,0.8500000000000003,3
33.0,80.0,5.5,11.9,22.4,5.1,0
44.5,100.0,2.800000000000001,2.5,20.0,0.3,1
11.0,75.0,6.7,44.0,6.2,1.8,0
13.0,30.0,0.6,23.250000000000004,13.099999999999996,2.9,2
9.0,18.0,0.1,0.5,11.4,0.2,2
11.0,24.0,0.350000000000001,2.5,20.0,0.3,1
13.0,30.0,0.6,1.5000000000000036,15.699999999999998,2.9,2
39.0,72.0,2.8,33.0,2.0,1.1,0
22.0,27.0,1.7000000000000008,1.1,3.7,0.4,2
23.0,21.0,5.7,2.4,40.1,0.7500000000000002,1
22.5,24.0,5.7,1.7500000000000036,5.3,0.4,2
23.0,161.0,5.7,2.4,22.699999999999996,,3
,120.0,,,5.3,,0
,93.0,,,,,0
,106.5,,,,,2
,34.0,,,,,2
23.0,64.0,6.5,6.0,9.3,2.6,0
7.0,13.0,6.5,20.4,15.1,2.1,2
4.0,13.0,0.1,13.200000000000003,32.7,1.0,1
12.0,33.0,0.1,3.1,29.4,0.6,4
18.0,49.0,1.9,7.6,21.5,0.7,4
13.0,25.0,1.9,6.1,19.7,0.6499999999999999,1
20.0,42.0,1.9,6.850000000000002,21.6,0.7,4
16.5,45.0,,8.4,28.6,,4
10.0,21.0,0.1,5.5,24.4,0.6,1
10.0,33.0,0.1,6.950000000000004,26.5,0.6,2
11.0,41.0,1.5,3.8,8.0,0.8,4
21.0,53.0,10.0,34.3,6.4,1.5,0
26.0,40.0,1.0,19.050000000000004,13.0,0.1,4
11.0,30.0,0.1,17.0,9.699999999999996,0.7999999999999999,2
18.5,19.0,0.5500000000000007,17.0,13.0,0.1,2
11.0,15.0,6.4,3.7,21.0,5.1,1
110.0,93.0,1.3,1.6,11.6,14.9,3
110.0,54.0,3.850000000000001,2.6500000000000075,16.299999999999997,10.0,2
110.0,12.0,1.3,1.6,11.6,14.9,2
,5.0,,,,,2
12.0,25.0,,,,,2
12.0,26.0,1.2,15.8,6.4,,2
12.0,13.0,1.2,3.1,31.2,0.2,1
22.0,55.0,1.2,16.0,17.5,1.1,4
7.0,18.0,2.3,1.0,24.349999999999998,0.65,2
17.0,61.0,0.1,22.3,45.6,5.8,4
12.0,13.0,5.0,5.2,24.1,0.2,1
32.0,52.0,0.1,33.6,20.5,0.6,4
23.0,48.0,2.550000000000001,6.4,22.299999999999994,0.39999999999999947,4
27.5,50.0,0.1,20.000000000000004,32.8,0.6,1
8.0,5.0,1.2,4.7,28.1,,1
8.0,1.0,1.2,0.6,28.9,,1
34.0,99.0,1.2,5.0,25.2,0.7,0
34.0,29.0,7.5,2.800000000000004,4.3,1.4,2
3.0,4.0,0.1,0.2,10.5,0.4,2
29.0,56.0,5.6,28.2,4.8,0.2,0
20.0,55.0,2.8500000000000014,12.4,22.8,0.2999999999999996,4
12.0,16.0,5.6,6.5,0.1,0.2,2
1.0,5.0,2.3,18.6,29.4,3.4,1
6.5,10.5,2.3,12.550000000000004,14.749999999999991,3.4,2
20.0,38.0,2.3,7.5,12.8,3.4,4
20.0,21.0,3.4,7.1,17.6,,1
28.0,68.0,2.2,16.2,1.6,,0
5.0,99.0,1.9,7.8,13.0,,0
16.5,38.0,2.0500000000000016,30.6,7.299999999999994,,2
12.0,25.0,5.9,29.1,27.4,3.9,1
40.0,76.0,6.4,18.8,45.5,4.1,0
20.0,27.0,1.2,1.0,18.4,3.999999999999999,4
29.0,56.0,3.8000000000000007,19.6,33.1,8.8,4
24.5,41.5,1.2,10.300000000000006,25.749999999999993,8.8,2
9.0,1.0,3.4,9.3,37.6,1.5,1
9.0,17.0,1.9,4.2,30.4,0.2,1
16.0,30.0,2.1,1.7,47.2,0.3,1
16.0,23.0,0.1,9.2,1.7,0.2499999999999991,2
16.0,48.0,0.1,7.0,3.9,0.5,4
11.0,34.0,0.1,4.6,2.7999999999999936,0.5,2
48.0,39.0,0.1,10.3,12.0,2.0,4
29.5,36.5,0.1,7.450000000000006,12.0,2.0,2
48.0,39.0,0.1,10.3,14.1,2.0,2
64.0,95.0,5.5,6.4,14.1,5.1,0
85.0,89.0,3.7,9.6,47.6,3.1,3
10.0,1.0,3.4,7.5,36.8,4.3,1
15.0,35.0,0.1,10.7,42.19999999999999,2.3,2
24.0,42.0,1.7500000000000009,26.9,16.7,3.3,4
10.0,20.0,3.0,4.0,26.8,0.2,1
49.0,62.0,3.0,14.7,14.7,0.6,0
34.0,17.0,3.0,13.8,20.749999999999993,7.6,2
41.5,61.0,,14.250000000000007,14.7,4.1,0
23.0,21.0,5.7,2.4,40.1,7.6,1
35.0,70.0,4.4,18.9,3.9,3.5,0
16.0,13.0,5.050000000000001,6.4,24.8,3.5,1
10.0,20.0,12.7,1.6,14.34999999999999,1.0,2
13.0,33.0,12.7,4.000000000000005,21.6,0.2,1
10.0,38.0,12.7,1.6,21.6,0.5999999999999991,2
18.0,50.0,8.8,5.5,9.9,3.4,4
18.0,6.0,8.8,5.5,9.9,3.4,2
12.0,23.0,2.7,2.3,31.0,0.4,1
11.0,27.0,1.2,9.7,28.9,0.8,1
79.0,117.0,3.7,6.1,63.3,6.3,3
23.0,55.0,2.450000000000001,12.5,46.09999999999999,3.549999999999999,0
16.0,30.0,0.3,1.4,29.9,0.3,4
15.0,10.0,6.7,20.5,0.8,0.3,2
24.0,55.0,0.1,18.3,15.349999999999989,0.5,0
17.0,36.0,0.1,19.2,16.4,0.5,4
23.0,33.0,0.8,1.9,19.2,0.5,4
7.0,10.0,0.4500000000000009,1.4,17.79999999999999,0.6,2
12.0,30.0,0.1,4.6,22.4,1.6,4
56.0,120.0,0.1,42.0,22.4,1.0999999999999992,3
34.0,75.0,0.1,2.5,20.0,0.3,1
17.0,26.0,0.1,0.6,10.5,1.9,2
15.0,21.0,0.1,10.6,33.3,1.0999999999999992,1
10.0,25.0,0.1,6.5,42.4,1.5,1
12.5,161.0,0.1,8.550000000000006,37.84999999999999,1.5,3
10.0,120.0,0.1,6.5,42.4,1.5,0
,140.5,,,,,2
,34.0,,,,,2
23.0,64.0,6.5,6.0,9.3,2.6,0
12.0,31.0,6.5,2.8,30.2,0.6,4
19.0,47.0,2.7,7.1,22.6,0.9,4
20.0,42.0,2.7,4.950000000000006,21.6,0.7499999999999989,4
19.5,45.0,2.7,13.0,28.6,0.9,4
10.0,21.0,0.1,5.5,24.4,0.6,1
11.0,30.0,0.1,17.0,26.49999999999999,0.6,2
26.0,40.0,1.0,11.250000000000007,13.0,0.1,4
11.0,41.0,1.5,3.8,8.0,0.8,4
21.0,53.0,10.0,34.3,6.4,1.5,0
16.0,15.0,6.4,3.7,21.0,5.1,1
27.0,21.0,2.5,12.8,20.3,1.6,4
27.0,18.0,4.450000000000001,8.250000000000007,20.649999999999988,3.3499999999999988,2
27.0,12.0,2.5,12.8,20.3,1.6,2
,5.0,,,,,2
12.0,25.0,,,,,2
12.0,26.0,1.2,15.8,6.4,,2
22.0,55.0,1.2,16.0,17.5,1.1,4
15.0,28.0,4.6,0.9,11.0,0.1,2
17.0,61.0,0.1,22.3,45.6,5.8,4
16.0,13.0,5.0,5.2,24.1,0.2,1
32.0,52.0,0.1,33.6,20.5,0.6,4
34.0,99.0,2.5500000000000007,5.0,25.2,0.7,0
33.0,1.0,0.1,1.0,28.9,0.6499999999999991,1
34.0,16.0,0.1,13.9,16.1712,0.6,1
,29.0,7.5,7.450000000000006,4.3,1.4,2
3.0,4.0,0.1,0.2,10.5,0.4,2
20.0,55.0,3.8000000000000007,12.4,22.8,0.899999999999999,4
12.0,16.0,0.1,6.5,0.1,0.4,2
28.0,68.0,2.2,16.2,1.6,,0
12.0,25.0,5.9,29.1,27.4,3.9,1
40.0,76.0,6.4,18.8,45.5,4.1,0
21.0,28.0,1.2,1.0,18.4,3.999999999999999,4
29.0,56.0,3.800000000000001,19.6,33.1,8.8,4
9.0,1.0,3.4,9.3,37.6,1.5,1
19.0,17.0,1.9,4.2,30.4,0.2,1
16.0,30.0,2.1,1.7,47.2,0.3,1
16.0,23.0,0.1,9.2,1.7,0.2499999999999991,2
11.0,34.0,0.1,4.6,24.44999999999999,0.3,2
48.0,39.0,0.1,10.3,12.0,2.0,4
29.5,36.5,0.1,7.450000000000005,12.0,2.0,2
48.0,39.0,0.1,10.3,14.1,2.0,2
85.0,89.0,3.7,9.6,47.6,3.1,3
15.0,35.0,0.1,10.7,30.849999999999987,2.3,2
31.0,73.0,5.2,7.8,22.1,4.2,0
23.0,102.0,2.650000000000001,9.250000000000004,22.1,3.249999999999999,0
31.0,61.0,5.2,7.8,22.1,4.2,0
11.0,34.0,,6.1,26.4,0.7,4
15.0,34.0,2.8,2.8,40.7,3.1,4
10.0,21.0,0.1,2.8,28.1,1.899999999999999,1
20.0,46.0,0.1,24.7,31.3,3.1,4
20.0,33.0,0.1,6.9,23.2,,4
14.0,39.5,2.8,1.9,27.249999999999982,,2
14.0,22.0,0.1,8.7,28.1,1.1,1
10.0,20.0,12.7,1.6,28.1,1.0,2
16.0,42.0,5.3,6.3,6.6,3.6,4
13.0,6.0,9.000000000000002,3.9500000000000046,6.6,2.3,2
12.0,23.0,2.7,2.3,31.0,0.4,1
11.0,27.0,1.2,9.7,28.9,0.8,1
79.0,117.0,3.7,6.1,63.3,6.3,3
16.0,30.0,2.450000000000001,1.4,29.9,0.3,4
24.0,55.0,0.1,18.3,46.59999999999998,0.5,0
17.0,36.0,0.1,19.2,16.4,0.5,4
15.0,10.0,6.7,20.5,0.8,0.3,2
17.0,49.0,3.4000000000000012,1.5,8.599999999999985,0.3999999999999996,4
16.0,34.0,6.7,11.000000000000002,16.8,0.3,4
60.0,55.0,3.5,3.1,16.8,,0
12.0,30.0,0.1,4.6,22.4,1.6,4
56.0,120.0,0.1,42.0,22.4,1.6,3
34.0,75.0,0.1,2.5,20.0,0.3,1
13.0,30.0,0.6,22.25,20.0,2.9,2
17.0,26.0,0.1,0.6,10.5,1.9,2
15.0,42.0,0.3500000000000009,0.6,10.5,2.3999999999999995,2
17.0,120.0,0.1,0.6,10.5,1.9,0
,81.0,,,,,2
,34.0,,,,,2
23.0,64.0,6.5,6.0,9.3,2.6,0
4.0,13.0,0.1,6.0,31.9,1.0,1
12.0,31.0,3.3000000000000007,2.8,30.2,0.6,4
8.0,45.0,0.1,13.0,28.6,0.7999999999999996,4
29.0,30.0,0.1,7.8,12.4,1.6,4
29.0,37.5,0.1,10.4,20.49999999999999,1.6,2
11.0,41.0,1.5,3.8,8.0,0.8,4
21.0,53.0,10.0,34.3,6.4,1.5,0
26.0,40.0,1.0,19.049999999999997,13.0,0.1,4
11.0,30.0,0.1,17.0,9.699999999999985,0.7999999999999995,2
110.0,93.0,1.3,1.6,11.6,14.9,3
60.5,61.5,0.7000000000000011,9.3,11.6,14.9,2
110.0,12.0,1.3,1.6,11.6,14.9,2
,5.0,,,,,2
32.0,52.0,0.1,33.6,20.5,0.6,4
34.0,99.0,0.1,5.0,25.2,0.7,0
33.0,1.0,0.1,1.0,28.9,0.6499999999999999,1
12.0,16.0,,6.5,0.1,0.7,2
28.0,68.0,2.2,16.2,1.6,,0
12.0,25.0,5.9,29.1,27.4,3.9,1
81.0,170.0,11.8,18.3,94.2,6.1,3
40.0,76.0,6.4,18.8,45.5,4.1,0
21.0,28.0,1.2,1.0,18.4,5.1,4
9.0,1.0,3.4,9.3,37.6,1.5,1
15.0,17.0,1.9,4.2,30.4,0.2,1
16.0,30.0,2.1,1.7,47.2,0.3,1
16.0,23.0,0.1,9.2,1.7,0.25,2
11.0,34.0,0.1,4.6,24.449999999999985,0.3,2
48.0,39.0,0.1,10.3,12.0,2.0,4
29.5,36.5,0.1,7.450000000000001,12.0,2.0,2
48.0,39.0,0.1,10.3,14.1,2.0,2
10.0,1.0,3.4,7.5,36.8,4.3,1
15.0,35.0,0.1,10.7,25.449999999999985,2.3,2
9.0,64.0,1.75,2.3,29.3,12.6,4
9.0,64.0,0.1,2.3,29.3,12.6,4
5.0,13.0,,3.2,27.3,12.6,1
7.0,68.0,,2.75,28.29999999999999,12.6,0
18.0,34.0,,3.2,27.3,,2
18.0,21.0,4.5,7.0,15.2,,2
18.0,13.0,4.5,5.7,25.6,,1
,45.0,4.5,13.0,28.6,,4
10.0,22.0,0.1,3.2,11.0,0.3,2
11.0,75.0,6.7,44.0,6.2,1.8,0
56.0,120.0,0.1,42.0,8.599999999999985,1.05,3
20.0,55.0,3.4,12.4,22.8,1.8,4
17.0,61.0,0.1,22.3,45.6,5.8,4
17.0,20.0,2.4,4.6,36.7,5.1,1
17.0,13.0,5.0,5.2,24.1,0.2,1
49.0,62.0,3.7,14.7,14.7,0.6,0
17.0,20.0,2.4,4.6,36.7,5.1,1
14.0,41.0,2.8,1.9,25.699999999999985,2.8499999999999996,2
15.5,17.0,1.9,4.2,30.4,0.2,1
23.0,48.0,2.3499999999999996,6.4,30.4,0.2,4
34.0,70.0,0.1,1.8,16.2,0.6,0
28.5,38.0,0.1,30.6,16.2,0.6,2
69.0,126.0,5.1,11.7,31.8,7.9,3
69.0,57.0,5.1,21.150000000000002,31.8,7.9,0
11.0,1.0,2.3,9.3,48.8,1.5,1
110.0,93.0,1.3,1.6,11.6,14.9,3
20.0,33.0,1.7999999999999998,6.9,23.2,8.2,4
10.0,42.0,2.0,3.1,0.7,0.1,4
10.0,21.0,0.1,2.8,28.1,0.1,1
81.0,170.0,11.8,18.3,94.2,6.1,3
23.0,64.0,6.5,6.0,9.3,2.6,0
52.0,117.0,9.149999999999999,2.5,20.0,0.3,1
79.0,117.0,3.7,6.1,63.3,6.3,3
79.0,90.0,3.7,4.300000000000003,41.64999999999999,3.3,0
79.0,74.0,3.7,6.1,63.3,6.3,0
60.0,55.0,3.5,3.1,,,0
8.0,5.0,1.2,4.7,28.1,,1
27.0,21.0,2.5,12.8,20.3,1.6,4
23.0,55.0,1.85,12.5,24.199999999999996,1.6,0
16.0,42.0,5.3,6.3,6.6,3.6,4
35.0,67.0,4.4,18.9,3.9,3.5,0
23.0,52.0,4.85,7.4,5.249999999999993,3.55,0
20.0,38.0,0.1,6.9,24.0,0.6,4
11.0,41.0,1.5,3.8,8.0,0.8,4
20.0,24.0,7.1,42.5,0.8,0.7,2
6.0,32.5,4.3,2.8,15.5,1.1,2
48.0,39.0,0.1,10.3,12.0,2.0,4
27.0,57.0,0.1,6.550000000000004,13.749999999999993,1.55,0
48.0,23.0,0.1,9.2,1.7,2.0,2
15.0,53.0,4.5,6.5,42.4,1.5,4
10.0,1.0,3.4,7.5,36.8,4.3,1
34.0,17.0,3.95,13.8,39.59999999999999,7.6,2
15.0,10.0,6.7,20.5,0.8,0.3,2
28.0,68.0,2.2,16.2,1.6,3.9499999999999997,0
21.5,29.0,7.5,18.35,4.3,1.4,2
18.0,38.0,4.85,8.2,2.949999999999993,8.5,4
23.0,33.5,4.1,26.3,4.3,1.9,2
10.0,22.0,0.1,3.2,11.0,0.3,2
16.5,57.0,2.0999999999999996,14.750000000000005,11.0,1.0999999999999996,0
10.0,95.0,0.1,3.2,11.0,0.3,0
,5.0,,,,,2
,61.0,,,,,0
20.0,42.0,,,21.6,,4
20.0,120.0,,,21.6,,0
20.0,81.0,,,21.6,,2
24.0,55.0,0.1,18.3,,0.5,0
24.0,95.0,0.1,18.3,,0.5,0
24.0,1.0,0.1,1.0,37.4,0.5,1
21.0,28.0,1.2,1.0,18.4,,4
9.0,64.0,1.2,2.3,29.3,12.6,4
15.0,4.0,1.2,1.6500000000000035,23.84999999999999,12.6,2
17.0,36.0,0.1,19.2,28.7,0.5,4
33.0,20.0,3.0,12.0,7.0,0.5,2
8.0,5.0,0.1,1.4,21.6,1.6,1
18.0,33.0,1.55,7.8,14.299999999999992,1.6,2
13.0,193.0,0.1,4.600000000000003,21.6,1.6,3
21.0,53.0,10.0,34.3,6.4,1.5,0
49.0,78.0,4.3,14.6,12.1,5.9,0
35.0,65.5,7.15,24.450000000000003,9.249999999999993,3.7,2
79.0,117.0,3.7,6.1,63.3,6.3,3
79.0,12.0,3.7,6.1,63.3,6.3,2
5.0,99.0,1.9,7.8,13.0,6.3,0
17.0,26.0,1.9,7.8,13.0,0.2,2
40.0,78.0,5.7,25.4,22.3,0.9,0
28.5,102.0,5.7,25.4,22.3,0.55,0
40.0,6.0,5.7,25.4,22.3,0.9,2
,63.0,,,,,0
,34.0,,,,,2
20.0,21.0,4.0,,12.0,2.0,2
12.0,25.0,5.9,29.1,27.4,3.9,1
11.0,27.0,1.2,9.7,28.9,0.8,1
9.0,1.0,3.4,9.3,37.6,1.5,1
10.0,14.0,2.3,9.500000000000004,33.249999999999986,1.1500000000000001,2
9.0,19.0,3.4,9.3,37.6,1.5,2
32.0,52.0,0.1,33.6,20.5,0.6,4
32.0,72.0,0.1,33.6,19.2,3.8,0
32.0,15.0,6.4,3.7,20.0,5.1,1
19.0,47.0,2.7,7.1,22.6,0.9,4
15.0,34.0,0.1,4.6,21.29999999999999,2.999999999999999,2
48.0,74.0,7.9,24.5,58.9,5.0,0
53.0,59.0,14.0,31.0,58.9,32.0,0
28.0,62.0,10.95,23.9,23.3,18.5,0
40.5,95.0,14.0,27.449999999999996,23.3,32.0,0
21.0,78.5,,23.9,8.0,1.0,2
10.0,17.0,,5.2,24.8,0.2,1
12.0,31.0,,2.8,30.2,0.6,4
34.0,99.0,,5.0,25.2,0.7,0
7.0,13.0,,31.1,4.1,2.1,2
20.5,57.0,,18.05,14.649999999999991,1.4000000000000001,0
17.0,32.0,0.4,1.4,28.7,0.3,4
3.0,4.0,0.1,0.2,10.5,0.4,2
10.0,25.0,0.1,5.1,25.6,0.6,1
14.0,14.5,0.1,3.2,11.9,0.4999999999999998,2
11.0,34.0,0.1,6.1,26.4,0.7,4
14.0,34.0,,3.2,30.2,2.9,4
2.0,5.0,,4.65,28.299999999999994,1.7999999999999998,2
28.0,59.0,27.5,11.9,14.2,1.8,0
10.0,32.0,27.5,16.6,14.2,29.2,2
15.0,35.0,0.1,10.7,14.2,2.3,2
12.5,44.0,0.1,9.5,,15.749999999999998,4
18.0,38.0,0.1,8.2,,8.5,4
11.0,30.0,0.1,17.0,,8.5,2
11.0,16.0,0.1,12.600000000000001,30.5,8.5,1
10.0,21.0,0.1,2.8,28.1,,1
10.0,18.5,0.1,1.1,29.299999999999997,,2
22.0,38.0,0.1,8.7,21.0,3.8,4
5.0,4.0,0.1,1.6,24.1,1.6,1
17.0,21.0,0.1,2.6,29.8,1.9,1
45.0,37.0,0.1,6.0,26.949999999999996,1.75,4
12.0,26.0,0.1,9.0,29.8,1.9,2
10.0,8.0,,0.7,,,2
10.0,20.0,3.0,4.0,26.8,0.2,1
10.0,9.0,3.0,2.3499999999999996,26.8,0.2,2
17.0,57.0,2.2,10.6,26.8,0.6,0
27.0,52.0,0.1,2.7,,0.6,0
20.0,61.0,2.8,5.5,26.9,8.7,4
19.0,56.5,1.4499999999999997,12.0,26.9,4.6499999999999995,2
19.5,61.0,2.8,8.750000000000002,26.9,8.7,2
14.0,46.0,0.1,7.4,,,4
17.0,39.0,0.1,10.2,20.2,,4
12.0,5.0,0.1,3.5,34.7,0.1,1
16.0,36.0,0.1,19.2,28.7,0.5,4
28.0,62.0,0.1,23.9,23.3,0.3,0
10.0,33.0,0.1,7.6,25.999999999999993,0.5,2
12.0,30.0,0.1,4.6,22.4,1.6,4
8.0,6.0,0.1,1.3,22.4,1.6,2
9.0,10.0,0.1,2.950000000000002,22.4,1.6,2
20.0,50.0,0.1,15.1,17.9,1.0,4
40.0,102.0,1.7,11.5,9.8,4.6,0
1.0,4.0,0.9,13.3,13.849999999999993,2.8,2
20.5,53.0,1.7,11.5,9.8,4.6,4
33.0,32.0,,3.1,34.6,0.1,4
17.0,41.0,,7.8,29.7,0.1,4
34.0,99.0,,5.0,25.2,0.7,0
20.0,46.0,0.1,24.7,31.3,0.7,4
1.0,5.0,2.3,18.6,29.4,3.4,1
5.0,10.0,1.2,2.1,30.0,3.4,1
32.0,52.0,0.1,33.6,20.5,0.6,4
27.0,21.0,2.5,12.8,20.3,1.6,4
7.0,9.0,1.3,0.8,20.39999999999999,1.1000000000000003,2
23.0,15.0,4.1,26.3,20.3,1.9,2
11.0,12.0,4.1,13.550000000000002,,1.9,2
15.0,34.0,0.1,4.6,,1.9,2
60.0,55.0,3.5,3.1,,,0
49.0,62.0,1.8,14.7,14.7,0.6,0
54.5,34.0,3.5,8.899999999999999,16.8,0.6,4
14.0,48.0,,6.4,15.749999999999993,0.6,2
12.0,23.0,2.7,2.3,31.0,0.4,1
20.0,38.0,2.7,7.2,20.3,0.4,4
20.0,55.0,2.7,12.4,22.8,0.4,4
12.0,9.0,,0.6,21.549999999999997,,2
17.0,32.0,0.1,16.5,22.8,,2
11.0,23.0,0.1,0.1,10.5,0.5,2
18.0,48.0,0.1,12.3,18.6,0.5,4
9.0,64.0,0.1,2.3,29.3,12.6,4
17.0,26.0,0.1,0.6,10.5,1.9,2
21.0,57.0,0.1,4.2,26.9,0.7,4
22.0,49.0,0.1,16.5,15.9,1.2999999999999998,4
34.0,17.0,,13.8,21.39999999999999,7.6,2
9.0,21.0,0.1,6.0,15.9,0.6,2
19.0,22.0,0.1,9.899999999999999,,4.1,2
13.0,21.5,0.1,16.0,,0.6,2
20.0,38.0,0.1,6.9,24.0,0.6,4
48.0,39.0,0.1,10.3,12.0,2.0,4
14.0,46.0,0.1,2.8,26.4,1.2999999999999996,4
9.0,42.5,0.1,4.6,19.199999999999992,1.6,2
8.0,46.0,,3.6999999999999993,26.4,1.6,2
31.0,54.0,,15.2,,1.6,0
7.0,54.0,,15.2,,,2
8.0,8.0,,15.2,,,2
18.0,39.0,0.1,8.2,,,4
30.0,65.0,0.1,8.2,,,0
7.0,21.0,0.1,8.2,,2.3,2
16.0,9.0,,1.9,33.7,2.3,1
20.0,42.0,,1.9,21.6,2.3,4
15.0,25.5,,3.4,27.649999999999995,3.0,2
20.0,33.0,,6.9,23.2,3.0,4
11.0,33.0,,2.9,23.2,0.9,2
15.0,20.0,,4.7,28.8,0.9,1
35.0,67.0,4.4,18.9,3.9,3.5,0
33.0,27.0,4.4,8.2,16.349999999999994,3.5,2
23.0,52.0,4.4,7.4,3.9,3.5,0
19.0,47.0,2.7,7.1,22.6,0.9,4
7.0,13.0,2.7,31.1,4.1,2.1,2
22.0,38.0,0.1,8.7,21.0,3.8,4
16.0,1.0,3.4,13.0,48.1,4.3,1
10.0,50.0,2.3,3.8,50.7,4.3,4
9.0,25.0,3.4,9.3,37.6,1.5,1
16.0,50.0,2.8499999999999996,18.6,29.6,2.9,4
6.0,21.0,3.4,5.6,40.8,1.5,1
9.0,21.0,4.5,5.6,40.8,1.5,1
13.0,38.0,1.2,2.8,45.6,2.9,4
17.0,61.0,0.1,22.3,45.6,5.8,4
11.0,42.0,3.4,9.3,48.8,1.5,4
11.0,38.0,3.4,11.2,40.8,2.9,4
10.0,38.0,2.3,5.6,42.4,2.9,4
15.0,46.0,2.3,3.8,40.0,1.5,4
12.0,1.0,3.4,6.5,48.8,2.9,1
15.0,53.0,2.3,6.5,48.8,1.5,4
10.0,34.0,2.85,6.5,48.8,1.5,2
9.0,21.0,2.3,2.8,43.2,1.5,1
10.0,55.0,3.4,4.7,35.2,1.5,4
15.0,50.0,3.4,12.1,46.5,1.5,4
9.0,38.0,3.4,4.7,38.4,1.5,4
9.0,42.0,2.3,1.9,48.8,2.9,4
9.0,13.0,2.85,3.3000000000000016,43.599999999999994,2.2,2
14.0,42.0,3.4,2.8,44.0,1.5,4
7.0,25.0,2.3,11.2,36.8,1.5,1
1.0,61.0,3.4,7.5,33.6,1.5,4
6.0,17.0,5.6,3.8,40.0,1.5,1
16.0,53.0,5.6,6.5,49.6,1.5,4
12.0,30.0,3.4,9.3,38.4,1.5,1
9.0,34.0,2.3,4.7,38.4,1.5,1
10.0,57.0,2.3,5.6,50.7,1.5,4
12.0,53.0,2.3,3.8,46.5,1.5,4
11.0,42.0,2.3,2.8,50.7,2.9,4
14.0,46.0,3.4,11.2,47.2,1.5,4
7.0,25.0,0.1,5.6,40.0,8.6,1
9.0,50.0,3.4,7.5,42.4,1.5,4
11.0,38.0,2.3,12.1,59.7,4.3,1
9.0,38.0,2.3,3.8,40.0,1.5,4
9.0,25.0,3.4,9.3,37.6,1.5,1
2.0,30.0,2.3,2.8,40.8,1.5,1
10.0,53.0,2.3,4.7,40.8,1.5,4
10.0,42.0,2.3,12.1,32.8,2.9,4
15.0,53.0,5.6,6.5,42.4,1.5,4
13.0,46.0,3.4,3.8,42.4,2.9,4
10.0,21.0,3.4,3.8,39.2,1.5,1
19.0,63.0,3.4,14.9,41.6,1.5,4
10.0,46.0,2.3,11.2,40.0,1.5,4
9.0,34.0,1.2,4.7,37.6,1.5,1
10.0,42.0,2.3,2.8,43.2,1.5,4
13.0,63.0,1.2,1.9,42.4,1.5,4
15.0,50.0,4.5,13.0,44.0,1.5,4
12.0,59.0,2.8499999999999996,4.7,36.8,1.5,4
8.0,42.0,2.3,2.8,40.0,1.5,4
10.0,30.0,3.4,7.5,36.8,4.3,1
10.0,46.0,3.4,3.8,44.0,1.5,4
8.0,53.0,1.2,1.9,37.6,1.5,4
8.0,21.0,3.4,19.5,36.8,1.5,1
11.0,42.0,2.3,2.8,50.7,2.9,4
17.0,46.0,2.3,7.5,29.6,2.9,4
11.0,25.0,3.4,7.5,38.4,1.5,1
10.0,46.0,2.849999999999999,2.8,46.5,1.5,4
15.0,50.0,4.5,13.0,44.0,1.5,4
9.0,57.0,2.3,1.9,44.0,1.5,4
15.0,46.0,3.4,8.4,44.0,1.5,4
10.0,30.0,2.8499999999999988,3.8,40.8,1.5,1
5.0,46.0,1.2,1.9,47.2,1.5,4
13.0,53.0,3.4,7.5,40.8,1.5,4
10.0,38.0,3.4,8.4,44.8,1.5,4
8.0,1.0,3.4,5.6,43.2,2.9,1
10.0,25.0,2.3,6.5,42.4,1.5,1
10.0,25.0,2.3,5.6,38.4,2.9,1
2.0,17.0,3.4,7.5,13.6,1.5,2
9.0,21.0,4.5,5.6,40.8,1.5,1
11.0,38.0,2.3,2.8,47.2,1.5,4
18.0,53.0,3.4,15.8,33.6,10.0,4
8.0,30.0,2.3,7.5,36.1,1.5,1
13.0,29.0,7.5,11.65,4.3,1.4,2
10.0,25.0,2.3,2.8,44.0,1.5,1
9.0,30.0,2.3,6.5,40.8,1.5,1
11.0,38.0,0.1,5.6,42.4,1.5,4
9.0,34.0,2.3,4.7,38.4,1.5,1
10.0,30.0,3.4,8.4,37.6,1.5,1
11.0,30.0,3.4,1.9,40.8,1.5,1
17.0,53.0,3.4,6.5,47.2,1.5,4
14.0,34.0,4.5,2.8,44.8,1.5,1
11.0,42.0,2.3,2.8,45.6,1.5,4
13.0,57.0,3.4,3.8,44.0,2.9,4
10.0,38.0,3.4,11.2,36.1,2.9,4
9.0,34.0,2.3,7.5,38.4,1.5,1
20.0,59.0,12.1,36.6,0.3,0.8,0
12.0,13.0,1.9,7.8,0.3,0.2,2
32.0,77.0,7.0,22.2,0.3,0.5,0
19.0,25.0,1.0,8.7,18.8,2.4,4
18.0,25.0,1.0,8.7,23.3,0.6,1
4.0,11.0,5.6,11.2,28.9,7.8,1
11.0,21.0,1.9,14.7,29.1,4.2,1
19.0,25.0,1.9,8.3,25.8,0.6,1
22.0,25.0,2.5,15.6,27.449999999999992,0.3,2
7.0,9.0,1.9,5.1,0.3,1.1,2
20.0,25.0,1.9,16.0,0.3,0.8,2
34.0,38.0,1.2,8.3,30.7,0.3,4
20.0,25.0,8.2,14.2,30.7,0.7,2
19.0,25.0,1.9,8.3,25.8,0.6,1
22.0,25.0,2.5,15.6,25.8,0.3,2
4.0,11.0,5.6,11.2,28.9,7.8,1
26.0,30.0,1.6,12.4,23.0,4.05,4
11.0,30.0,3.5,12.8,5.7,0.3,2
56.0,30.0,7.5,27.0,14.349999999999994,0.8,2
11.0,30.0,3.5,12.8,5.7,0.3,2
22.0,25.0,2.5,15.6,5.7,0.3,2
26.0,30.0,1.6,12.4,23.0,0.3,4
44.0,21.0,1.0,11.5,20.3,1.1,4
8.0,25.0,1.0,9.6,21.64999999999999,3.2,2
19.0,25.0,1.9,6.0,30.7,0.3,1
10.0,17.0,1.9,0.5,23.5,0.7,1
26.0,30.0,1.6,12.4,23.0,0.49999999999999956,4
34.0,38.0,1.2,8.3,30.7,0.3,4
46.0,34.0,1.4000000000000001,24.1,26.849999999999994,3.5,2
16.0,13.0,1.0,11.5,71.5,1.0,1
20.0,59.0,12.1,36.6,0.3,0.8,0
56.0,36.0,7.5,27.0,35.89999999999999,0.8,2
4.0,11.0,5.6,11.2,28.9,7.8,1
28.0,25.0,1.0,14.2,25.8,0.6,4
44.0,21.0,1.0,11.5,20.3,1.1,4
14.0,17.0,1.9,9.2,2.3,1.1,2
29.0,21.0,1.0,5.5,2.0,1.1,2
14.0,21.0,1.0,5.5,2.0,1.1,2
27.0,21.0,3.7,20.6,2.0,,2
7.0,9.0,1.9,5.1,0.3,1.1,2
20.0,25.0,8.2,14.2,0.3,0.7,2
16.0,13.0,1.0,11.5,71.5,1.0,1
27.0,21.0,3.7,20.6,71.5,0.8499999999999994,2
27.0,21.0,3.7,20.6,71.5,1.0,2
27.0,21.0,1.9,14.7,29.1,,1
27.0,21.0,2.5,12.8,20.3,1.6,4
20.0,46.0,1.2,20.6,24.5,1.0,4
4.0,11.0,5.6,11.2,28.9,7.8,1
7.0,9.0,1.9,5.1,0.3,1.1,2
20.0,46.0,1.2,20.6,24.5,1.0,4
16.0,13.0,1.0,11.5,71.5,1.0,1
4.0,11.0,5.6,11.2,28.9,7.8,1
20.0,25.0,1.9,16.0,50.19999999999999,0.8,2
1.0,2.0,3.749999999999999,13.599999999999998,28.9,4.3,2
21.0,30.0,1.6,17.4,,0.2,2
25.0,80.0,1.6,17.4,,0.2,0
20.0,25.0,8.2,14.2,,0.7,2
19.0,25.0,1.0,8.7,18.8,2.4,4
20.0,25.0,1.9,16.0,18.8,0.8,2
19.0,25.0,1.0,8.7,18.8,2.4,4
30.0,38.0,0.3,7.8,7.8,0.3,4
28.0,25.0,1.0,14.2,25.8,0.6,4
19.0,25.0,1.9,8.3,25.8,0.6,1
22.0,25.0,2.5,15.6,25.8,0.3,2
26.0,30.0,1.6,12.4,23.0,0.4499999999999995,4
4.0,12.0,0.5,1.1,38.9,27.8,1
11.0,30.0,3.5,12.8,5.7,0.3,2
44.0,21.0,1.0,11.5,20.3,1.1,4
14.0,17.0,1.9,9.2,2.3,1.1,2
16.0,13.0,1.0,11.5,71.5,1.0,1
26.0,30.0,1.6,12.4,23.0,1.0499999999999998,4
30.0,38.0,0.3,7.8,7.8,0.3,4
1.0,5.0,2.3,18.6,29.4,3.4,1
28.0,9.0,1.7,8.3,2.0,1.85,2
19.0,25.0,1.0,8.7,18.8,2.4,4
1.0,5.0,2.3,18.6,29.4,3.4,1
21.0,30.0,1.6,17.4,24.1,0.2,2
34.0,38.0,1.2,8.3,30.7,0.3,4
27.5,17.0,1.4,2.1,29.6,0.25,1
34.0,16.0,1.2,5.199999999999999,33.6,0.3,1
,19.0,,10.2,30.4,,1
,16.0,1.7,4.7,28.1,,1
7.0,21.0,1.6,1.0,13.9,0.6,2
6.0,12.0,1.0,3.8,13.5,0.1,2
6.5,14.0,2.3,0.1,1.0,1.5,2
6.0,29.0,1.65,1.949999999999998,7.249999999999999,0.8,2
,13.0,2.3,14.7,25.6,1.5,1
16.0,48.0,,14.7,23.3,,4
16.0,33.0,,14.7,21.6,,4
22.0,42.0,0.9,6.5,30.7,0.7,4
10.0,22.0,0.1,3.2,11.0,0.3,2
16.0,55.0,0.5,4.849999999999998,24.1,0.5,4
5.0,11.0,0.1,3.2,13.9,0.3,2
5.0,29.0,,11.5,20.8,,1
5.0,34.0,,11.5,17.35,,2
,21.0,2.3,5.6,9.6,,2
18.0,35.0,2.3,5.6,19.2,,4
18.0,34.0,2.3,5.6,14.399999999999999,,2
6.0,16.0,2.3,5.0,29.6,,1
12.0,8.0,2.3,1.0,36.8,,1
6.0,33.0,2.3,2.9999999999999982,11.8,,2
,41.0,5.6,20.8,4.8,,4
,18.0,5.6,20.8,8.3,,2
9.0,17.0,5.6,20.8,17.6,,1
9.0,32.0,,,11.8,,2
54.0,90.0,,,14.700000000000001,,0
19.0,51.0,2.4,3.7,7.3,0.2,4
36.5,16.0,2.4,3.7,7.3,0.2,2
25.0,48.0,2.4,6.3,26.1,0.6,4
25.0,33.0,,6.3,8.0,0.6,2
25.0,19.0,,6.3,17.05,0.6,2
,17.0,1.9,4.7,29.6,0.2,1
,30.0,1.9,1.2,19.2,0.2,1
9.0,21.0,1.9,4.7,35.2,0.2,1
9.0,23.0,,2.949999999999999,27.2,,2
9.0,13.0,,3.2,4.8,0.2,2
,17.0,,3.2,13.5,0.2,2
,18.0,,3.2,9.15,0.2,2
,9.0,,,16.0,,2
,38.0,,,16.0,,2
20.0,34.0,,,10.4,,4
20.0,21.0,,2.8,0.1,,2
20.0,33.0,,2.8,5.25,,2
,23.0,1.2,1.8,33.0,0.8,1
5.0,58.0,2.3,5.5,19.2,0.2,4
21.0,19.0,2.5,1.0,7.8,0.6,2
13.0,19.0,2.4,3.2499999999999987,32.8,0.3999999999999999,1
9.0,19.0,2.5,5.2,21.6,0.2,1
9.0,28.0,,4.7,27.2,1.5,2
9.0,22.0,,4.949999999999998,21.6,0.8499999999999999,2
6.0,13.0,2.3,1.9,33.6,0.3,1
6.0,59.0,2.3,2.7,19.2,0.3,4
6.0,41.0,5.6,20.8,4.8,0.3,4
,17.0,5.6,11.75,12.0,1.8,2
11.0,25.0,5.6,5.6,15.2,1.8,2
15.0,31.0,,5.6,5.6,0.6,2
13.0,13.0,,2.3,31.2,0.9,1
27.0,45.0,,24.9,16.7,0.7499999999999999,4
27.0,22.0,,13.599999999999996,27.2,0.9,1
27.0,15.0,,24.9,25.6,1.3,1
4.0,13.0,1.2,,22.4,0.8,1
28.0,62.0,1.2,23.9,23.3,1.0499999999999998,0
10.0,29.0,1.2,23.9,22.849999999999998,1.5,2
6.0,14.0,1.9,3.8,23.3,1.5,2
8.0,58.0,1.9,5.6,,1.5,0
6.0,35.0,1.9,4.699999999999996,20.8,0.9,4
,46.5,,5.6,20.8,0.9,2
,23.0,,18.5,20.8,0.9,2
,9.0,2.3,4.2,24.8,,1
,35.0,2.3,11.349999999999996,18.4,,4
,22.0,2.3,11.0,41.9,19.8,1
30.0,72.0,6.4,8.0,6.6,2.8,0
30.0,26.0,1.2,15.8,6.4,11.3,2
30.0,41.0,5.6,20.8,4.8,2.8,4
,34.0,3.3999999999999995,3.8,24.1,,4
,13.0,5.6,12.299999999999995,27.2,,1
18.0,33.0,,3.8,10.6,,4
15.0,16.0,2.1,1.7,12.8,0.3,2
13.0,32.0,3.4,15.5,24.8,0.6,4
38.0,27.0,2.75,8.599999999999996,14.7,0.44999999999999996,4
25.5,53.0,3.4,15.5,19.75,0.6,4
8.0,16.0,,,19.2,0.2,1
8.0,53.0,3.4,10.9,17.6,0.2,4
8.0,29.0,3.4,10.9,18.4,0.2,2
17.0,21.0,2.3,1.0,12.1,,2
11.0,54.0,1.5,3.8,8.0,0.8,4
33.0,26.0,0.1,7.7,7.4,0.2,4
14.0,36.0,0.8,2.0,28.2,0.5000000000000001,4
23.5,16.0,0.1,4.849999999999996,17.8,0.2,2
14.0,53.0,3.4,10.9,17.6,,4
,17.0,2.3,4.0,20.0,0.8,1
26.0,40.0,1.3,7.449999999999997,13.0,0.1,4
6.0,14.0,1.8,4.0,26.5,0.4500000000000001,1
23.0,43.0,1.3,8.3,12.2,0.1,4
10.0,24.0,1.2,5.0,22.4,1.2,1
16.5,33.5,1.25,6.649999999999997,34.4,0.6500000000000001,1
10.0,25.0,1.2,5.0,28.4,1.2,2
6.0,10.0,2.3,2.5,29.6,0.2,1
22.0,41.0,2.3,2.5,11.0,0.2,4
14.0,57.0,2.3,2.5,20.299999999999997,0.2,0
20.0,46.0,,3.2,27.7,0.6,4
22.0,12.0,2.8,4.6,5.7,0.4,2
21.0,13.0,2.8,3.8999999999999964,16.699999999999996,0.5000000000000001,2
6.0,13.0,2.3,9.3,16.8,0.3,1
6.0,16.0,2.3,4.7,28.1,0.3,1
6.0,8.0,2.3,3.4,22.449999999999996,0.3,2
1.0,3.0,3.4,4.049999999999997,39.2,,1
1.0,30.0,2.85,3.4,31.2,,1
15.0,46.0,3.4,17.9,30.0,,4
7.0,3.0,2.3,16.7,24.1,,1
11.0,24.5,2.3,17.299999999999997,27.049999999999997,1.5,2
5.0,14.0,2.3,5.0,29.4,1.5,1
5.0,16.0,2.0,9.8,3.0,1.5,2
5.0,40.0,2.15,7.399999999999997,16.199999999999996,,2
,15.0,2.0,9.8,22.4,,1
,29.0,,3.8,18.4,0.6,1
,25.0,,3.8,20.399999999999995,0.6,2
7.0,18.0,2.3,1.0,18.4,0.6,2
7.0,34.0,2.3,1.0,23.3,,1
7.0,41.0,5.6,20.8,4.8,,4
,25.0,5.6,20.8,24.8,,1
15.0,36.0,5.6,24.5,4.8,0.2,4
15.0,22.0,2.3,0.1,1.0,0.1,2
15.0,15.0,1.5,4.4,27.7,0.15000000000000013,1
12.0,33.0,1.8999999999999995,9.3,12.8,0.1,4
12.0,41.0,5.6,20.8,4.8,,4
4.0,11.0,1.2,5.6,16.0,1.8,2
4.0,19.0,3.4,13.199999999999996,32.8,1.8,1
15.0,36.0,5.6,24.5,4.8,0.2,4
3.0,8.0,2.3,5.0,16.8,0.2,1
9.0,113.0,3.9499999999999997,14.749999999999996,10.8,0.2,0
3.0,29.0,2.3,11.5,20.8,0.2,1
18.0,53.0,2.5,1.0,7.8,0.6,4
18.0,22.0,2.5,6.2499999999999964,20.8,0.6,1
22.0,37.5,2.5,1.0,14.300000000000002,0.6,2
22.0,31.0,,,5.7,,2
15.0,33.0,,,17.0,,4
5.0,17.0,2.3,2.8,14.7,0.6,2
10.0,38.0,2.3,30.6,15.85,0.6,2
5.0,41.0,5.6,20.8,4.8,0.6,4
,30.0,4.5,12.9,14.5,1.0,2
20.0,64.0,5.05,2.2,20.0,1.0,0
34.0,56.0,2.3,3.1,20.0,0.2,4
27.0,41.0,5.6,20.8,4.8,0.2,4
25.0,32.0,3.9499999999999997,11.949999999999998,11.8,0.1,4
25.0,20.0,5.6,20.8,8.3,0.1,2
9.0,15.0,1.9,3.7,14.7,0.2,2
9.0,34.0,1.9,3.7,19.2,0.2,4
18.0,30.0,1.9,3.7,9.4,0.2,2
18.0,15.0,2.3,,2.0,,2
6.0,17.0,2.3,1.9,8.8,0.3,2
6.0,23.0,2.3,1.9,5.400000000000001,0.3,2
6.0,35.0,2.3,0.1,29.6,0.3,1
,13.0,,2.5,27.2,,1
2.0,5.0,,1.2999999999999947,28.400000000000002,,2
2.0,68.0,3.4,5.1,27.2,,0
2.0,17.0,3.4,10.2,11.2,,2
13.0,38.0,2.2,5.5,14.7,0.6,4
23.0,38.0,2.8,7.849999999999995,12.6,0.6,4
18.0,18.0,2.2,5.5,11.2,0.6,2
23.0,37.0,,,11.9,,2
,41.0,2.3,8.8,12.1,,4
,21.0,3.4,7.1,17.6,,1
3.0,31.0,2.9,8.4,17.6,,4
3.0,18.0,3.15,7.749999999999995,17.6,,2
3.0,36.0,2.9,8.4,17.6,0.2,2
,13.0,,,,0.2,2
19.0,52.0,0.1,1.5,11.0,0.8,4
19.0,32.5,0.1,3.8,11.0,0.8,2
19.0,21.0,0.1,2.6499999999999946,11.0,0.8,2
13.0,20.0,,5.6,20.8,,1
10.0,25.0,,5.6,0.1,,2
11.5,17.0,1.9,4.7,29.6,0.2,1
7.0,25.0,1.9,5.149999999999994,8.0,0.2,2
7.0,34.0,1.9,2.8,20.8,0.2,4
7.0,21.0,1.9,2.8,24.1,,1
22.0,48.0,1.2,2.8,21.6,0.2,4
22.0,49.0,1.2,,22.85,0.2,4
22.0,8.0,1.2,1.2,32.0,0.2,1
,17.0,,1.2,32.0,,2
26.0,53.0,2.9,0.1,32.0,,0
19.0,30.0,2.9,0.1,,0.2,2
3.0,11.0,2.3,5.1,23.3,0.2,1
16.0,33.0,1.2,1.0,4.9,0.2,2
14.0,32.0,1.75,3.0499999999999945,4.0,0.6,2
15.0,21.0,3.4,7.1,17.6,0.40000000000000013,1
14.0,44.0,1.3,7.1,1.3,0.2,4
25.0,22.0,0.1,4.2,28.5,1.1,1
9.0,20.0,0.7000000000000002,4.2,21.6,1.5,1
5.0,19.0,0.1,4.2,12.2,1.3,2
12.0,15.0,,,24.8,1.5,1
19.0,35.0,,7.5,12.1,,4
15.5,21.0,3.4,7.1,17.6,,1
13.0,38.0,2.2,5.5,14.7,0.6,4
13.0,32.0,2.4,17.6,8.8,0.6,2
13.0,35.0,0.1,1.8,0.1,0.8,2
,19.0,1.2499999999999998,9.699999999999996,4.450000000000003,0.8,2
,13.0,0.1,1.8,28.9,0.8,1
9.0,17.0,1.4,1.0,16.3,0.6,2
18.0,21.0,1.4,1.0,22.6,0.6,2
11.0,26.0,0.6,1.0,16.3,2.9,2
13.0,15.0,0.6,,,2.9,2
6.0,22.0,0.6,1.6,24.8,2.9,1
9.5,18.5,,1.6,11.2,,2
6.0,51.0,,1.6,18.0,,4
12.0,13.0,,,18.4,,1
4.0,21.0,2.1,1.7,32.0,,1
16.0,41.0,5.6,21.9,6.4,0.2,4
9.0,17.0,1.4,1.0,16.3,0.6,2
6.0,18.0,1.2,1.3,20.0,0.4,1
7.5,63.0,1.2999999999999998,1.149999999999995,18.150000000000006,0.6,0
16.0,41.0,5.6,21.9,6.4,0.2,4
8.0,30.0,0.1,3.8,19.2,0.3,4
7.0,17.0,1.9,9.2,16.3,0.6,2
6.0,16.0,2.4,5.0,26.4,0.44999999999999996,1
6.5,28.0,2.1499999999999995,7.099999999999994,21.35,0.6,2
6.0,18.0,2.4,5.0,24.8,,1
3.0,23.0,,26.0,1.0,10.0,2
5.0,8.0,2.3,7.5,30.4,0.2,1
4.0,3.0,2.3,16.749999999999993,18.4,5.1,1
4.5,38.0,2.3,7.5,21.6,0.2,4
4.0,49.0,,3.0,17.6,,4
,7.0,,3.0,18.4,,1
,9.0,,3.0,18.000000000000004,0.1,2
,16.0,1.7,4.7,28.1,0.1,1
16.0,18.0,1.7,4.7,28.1,0.1,2
20.0,33.0,1.0,1.9,7.4,0.4,4
12.0,30.0,1.0,7.5,1.6,0.4,2
16.0,15.0,1.0,4.699999999999994,4.5000000000000036,0.4,2
12.0,14.0,,15.3,13.6,,2
10.0,55.0,,15.3,13.6,,0
10.0,13.0,0.1,3.8,29.6,0.5,1
10.0,30.0,2.3,3.8,11.2,0.5,2
12.0,13.0,1.1999999999999995,3.8,18.4,0.5,1
12.0,65.0,2.3,3.8,14.8,,0
12.0,21.0,3.4,7.1,17.6,,1
,13.0,3.4,7.1,12.1,,2
,9.0,3.4,7.1,26.4,,1
18.0,38.0,,,19.250000000000004,,4
16.0,41.0,5.6,21.9,6.4,0.2,4
11.0,23.0,0.1,3.3,11.4,0.2,2
13.5,52.0,2.849999999999999,12.599999999999993,15.2,0.2,4
6.0,13.0,0.1,3.3,15.9,0.2,2
6.0,37.0,,,15.550000000000002,,2
6.0,9.0,,,15.9,,2
2.0,20.0,,3.8,31.2,,1
14.0,22.0,2.3,6.0,16.0,,2
8.0,18.0,2.3,4.899999999999993,28.9,0.2,1
11.0,28.0,5.6,16.9,7.3,0.2,2
8.0,23.0,3.9499999999999997,14.8,18.1,0.2,2
6.0,11.0,5.6,4.2,24.8,0.6,1
6.0,25.0,2.3,5.3,21.6,1.5,1
6.0,35.0,2.3,4.749999999999993,23.200000000000006,1.05,2
,34.0,2.3,5.3,21.6,1.5,2
,17.0,,,27.2,,1
17.0,31.0,,0.9,11.8,0.6,4
19.0,42.0,,0.9,19.500000000000007,0.6,4
16.0,41.0,5.6,21.9,6.4,0.2,4
6.0,19.0,5.6,3.9,25.6,0.3,1
11.0,13.0,1.9,5.0,24.1,0.25,1
12.0,25.0,1.9,1.9,17.6,0.3,1
12.0,15.0,1.9,3.449999999999993,20.850000000000005,,2
15.0,28.0,4.6,0.9,10.2,0.1,2
15.0,21.0,2.3,1.9,36.8,1.5,1
8.0,23.0,3.449999999999999,1.3999999999999928,23.500000000000004,0.8,2
8.0,17.0,2.3,1.9,22.4,1.5,1
8.0,9.0,,5.6,28.1,,1
,25.0,2.3,5.3,21.6,1.5,1
20.0,67.0,3.4,5.449999999999992,16.8,2.8,0
16.0,41.0,5.6,21.9,6.4,0.2,4
18.0,11.0,2.3,5.6,24.8,0.1,1
27.0,52.0,3.9499999999999993,6.8,15.0,2.2,4
27.0,30.0,2.3,6.199999999999992,23.3,1.15,1
20.0,51.0,,6.8,15.2,2.2,4
20.0,25.0,4.5,4.5,19.250000000000007,,2
15.0,22.0,4.5,4.5,16.8,1.6,2
12.0,16.0,4.5,6.5,0.1,1.6,2
13.5,18.0,,6.5,36.1,1.6,1
6.0,13.0,2.3,1.0,34.4,0.3,1
6.0,10.0,2.3,2.5,29.6,0.2,1
6.0,22.0,2.3,1.7499999999999911,23.3,0.6,1
14.0,31.0,2.3,2.5,17.6,0.4,4
14.0,21.0,,,20.450000000000006,0.6,2
16.0,18.0,,,17.6,,2
16.0,21.0,4.5,7.0,15.2,,2
16.0,19.5,4.5,7.0,15.2,,2
,38.0,4.5,7.0,0.1,,2
,16.0,1.7,4.7,28.1,,1
15.0,10.0,5.6,17.2,0.8,0.2,2
15.0,113.0,3.649999999999999,10.94999999999999,14.450000000000008,0.2,0
15.0,17.0,5.6,17.2,12.6,0.2,2
9.0,18.0,0.1,0.6,11.4,0.2,2
9.0,17.0,0.1,1.9,26.4,1.5,1
9.0,30.0,0.1,1.0,36.8,0.85,1
,14.0,,15.3,13.6,1.5,2
,21.0,,8.149999999999991,22.4,,1
,25.0,,11.4,15.2,0.5,2
3.0,8.0,,11.4,16.0,0.5,2
3.0,30.0,,11.4,15.600000000000005,0.5,2
9.0,50.0,,3.2,24.1,1.5,4
26.0,55.0,6.7,31.2,0.8,0.3,0
12.0,32.0,3.4,8.4,13.6,1.5,4
19.0,25.0,5.049999999999999,19.79999999999999,26.4,0.8999999999999999,1
6.0,18.0,3.4,8.4,24.8,1.5,1
6.0,16.0,,,20.0,,1
6.0,20.0,1.9,13.0,12.1,,2
15.0,42.0,1.9,1.0,30.6,,4
15.0,58.0,1.9,5.6,21.35000000000001,,0
15.0,48.0,,3.29999999999999,16.8,,4
14.0,26.0,4.6,0.9,8.6,0.1,2
6.0,22.0,4.6,1.6,24.8,0.1,1
10.0,13.0,4.6,1.2499999999999911,16.70000000000001,0.1,2
11.0,38.0,4.5,7.2,8.8,,4
11.0,17.0,4.5,7.2,7.3,,2
1.0,9.0,1.7,2.8,35.2,,1
7.0,18.0,2.3,2.0,26.4,,1
7.0,17.0,1.9999999999999991,4.7,26.4,,1
10.0,14.0,2.3,1.5,24.8,,1
8.5,39.0,2.3,3.0999999999999908,25.600000000000005,,2
10.0,28.0,2.3,0.1,1.0,0.1,2
,14.0,2.3,15.3,13.6,0.1,2
29.0,53.0,2.3,1.0,12.0,0.4,4
7.0,30.0,,8.149999999999991,20.8,0.4,1
23.0,38.0,,16.3,16.400000000000006,1.6,4
15.0,29.0,,16.3,7.3,0.2,2
19.0,10.0,,16.3,28.9,0.9,1
8.0,18.0,2.3,,28.9,0.2,1
8.0,18.0,2.3,0.3,28.9,0.2,2
8.0,28.0,2.3,2.8,15.2,0.2,2
9.0,23.0,0.1,0.8,10.6,0.1,2
16.0,41.0,5.6,21.9,6.4,0.2,4
12.5,8.0,2.8499999999999988,1.2,32.0,0.15000000000000002,1
16.0,24.5,5.6,3.8,19.200000000000006,0.2,2
10.0,13.0,,2.4999999999999893,9.6,,2
10.0,10.0,,3.8,32.0,,1
10.0,22.0,,9.4,0.5,0.3,2
10.0,21.0,0.1,1.1,11.4,0.5,2
8.0,9.0,0.1,5.249999999999989,24.1,0.39999999999999997,1
27.0,21.0,2.5,12.8,20.3,1.6,4
16.0,21.0,2.5,12.8,5.6,1.6,2
21.5,17.0,2.3,12.8,12.950000000000006,1.6,2
5.0,17.0,2.3,,9.0,,2
21.0,19.0,2.5,1.0,7.4,0.4,2
13.0,61.0,2.5,1.0,8.200000000000006,0.4,0
21.0,30.0,2.5,38.0,7.4,0.4,2
,46.0,,38.0,13.6,,4
,63.0,,28.7,13.6,,0
,25.0,,28.7,13.6,,2
14.0,21.0,2.6,5.6,37.6,,1
14.0,28.0,5.6,16.9,7.3,,2
16.0,41.0,5.6,21.9,6.4,0.2,4
16.0,23.0,5.6,4.2,15.2,0.2,2
32.0,25.0,5.6,2.8,16.8,0.2,4
32.0,8.0,,3.4999999999999876,26.4,,1
6.0,13.0,1.2,5.6,24.8,0.3,1
20.0,38.0,1.2,5.6,11.4,0.3,4
13.0,38.0,2.2,5.5,14.7,0.6,4
16.5,38.0,2.2,5.5,13.050000000000006,0.6,2
2.0,8.0,2.3,16.7,24.8,0.6,1
2.0,20.0,2.3,10.2,25.6,,1
2.0,35.0,2.3,13.449999999999987,25.20000000000001,,2
13.0,36.0,,1.1,25.6,1.5,2
13.0,37.0,,1.1,,1.5,2
13.0,23.0,,14.8,,1.5,2
,3.0,,14.8,,,2
6.0,6.0,2.3,4.7,17.6,,1
12.0,25.0,2.3,1.9,17.6,,1
29.0,25.0,2.3,14.7,17.6,6.6,2
27.0,36.0,2.0,10.2,10.4,1.3,4
18.0,47.0,1.2,1.9,24.8,0.2,4
6.0,15.0,1.5999999999999992,6.049999999999987,17.6,0.75,1
12.0,9.0,1.2,1.9,16.8,0.2,1
13.0,13.0,2.1,1.7,47.2,0.3,1
13.0,13.0,2.1,2.4,32.0,0.3,1
13.0,57.0,2.1,2.4,39.60000000000001,0.3,0
15.0,55.0,,16.6,4.8,,0
15.0,15.0,,9.49999999999999,4.8,,2
15.0,63.0,3.4,5.2,4.8,,0
,17.0,1.2,3.2,20.8,0.8,1
,5.0,2.299999999999999,4.199999999999988,21.6,0.8,1
10.0,11.0,1.2,3.2,21.200000000000003,0.8,2
10.0,20.0,,,25.6,,1
10.0,20.0,,2.2,16.0,,2
,14.0,,15.3,13.6,,2
19.0,35.0,,7.5,12.1,,4
19.0,24.5,,11.399999999999988,14.5,,2
19.0,38.0,2.5,1.0,11.4,0.6,4
10.0,33.0,2.5,1.0,22.4,0.6,4
10.0,17.0,5.6,15.3,16.900000000000006,0.6,2
9.0,27.0,3.4,1.0,23.3,,1
6.0,47.0,4.499999999999999,8.149999999999988,32.0,,4
7.5,38.0,3.4,1.0,27.650000000000006,,2
6.0,9.0,,5.6,28.1,,1
,43.0,,5.6,19.2,,4
6.0,9.0,1.2,1.0,28.1,1.5,1
18.0,21.0,1.2,5.6,24.8,0.2,1
4.0,11.0,1.2,3.2999999999999874,26.45000000000001,0.85,2
11.0,13.0,1.2,5.6,24.8,0.2,2
26.0,49.0,1.2,5.6,25.0,0.2,4
26.0,25.0,1.2,5.6,24.1,0.2,1
26.0,23.0,1.2,14.8,24.550000000000008,0.2,2
,51.0,,14.8,24.1,,4
18.0,26.0,,1.0,3.7,0.5,2
12.0,13.0,2.3,1.0,17.6,0.5,1
15.0,12.0,1.7,4.7,27.2,0.5,1
6.0,16.0,2.3,0.5,32.0,0.6,1
6.0,43.0,1.9999999999999991,2.5999999999999877,29.60000000000001,0.6,2
19.0,52.0,0.1,1.5,11.0,0.8,4
12.0,15.0,0.1,1.5,24.8,0.8,1
15.5,15.0,0.1,1.5,17.900000000000006,0.8,2
12.0,13.0,,,24.8,,2
26.0,50.0,,,10.2,0.1,4
26.0,25.0,,,23.3,0.2,1
26.0,25.0,,,16.750000000000007,0.15000000000000002,2
12.0,38.0,,,7.3,2.9,4
12.0,19.0,,1.5,23.3,2.9,1
12.0,25.0,,1.5,10.4,2.9,2
12.0,16.0,,6.5,0.1,,2
12.0,8.0,1.2,3.9,5.250000000000007,,2
6.0,15.0,1.2,5.199999999999988,28.9,,1
6.0,6.0,2.3,4.7,17.6,,1
6.0,28.0,2.3,4.7,23.250000000000007,,2
6.0,16.0,2.3,4.7,17.6,,2
8.0,30.0,0.1,3.8,19.5,0.2,4
8.0,17.0,0.1,3.8,15.3,0.2,2
8.0,23.5,0.1,2.5,20.0,0.3,1
4.0,21.0,,2.5,10.4,0.3,2
4.0,21.0,3.4,7.1,17.6,0.3,1
4.0,9.0,3.4,2.3,20.0,0.3,1
,17.0,3.4,4.699999999999987,22.4,0.3,1
13.0,52.0,0.2,2.5,21.6,0.2,4
9.0,18.0,0.2,4.5,20.8,0.2,1
11.0,24.0,0.1,2.0,11.0,0.2,2
9.0,17.0,0.1,3.2499999999999876,20.8,0.2,1
19.0,19.0,0.1,3.8,28.1,0.2,1
14.0,20.0,,13.0,22.4,0.2,1
7.0,17.0,1.9,9.2,14.0,0.6,2
7.0,19.0,1.9,5.0,26.4,0.6,1
46.0,57.0,4.3,16.5,10.4,5.8,0
25.0,53.0,4.3,10.749999999999988,25.6,5.8,4
5.0,14.0,4.3,2.7,11.0,5.8,2
15.0,38.0,,2.7,18.300000000000008,,2
5.0,6.0,,2.7,11.0,,2
16.0,48.0,,3.8,30.6,,4
17.0,30.0,2.8,3.7,4.1,0.5,2
16.5,18.0,2.8,15.0,15.2,0.5,2
40.0,58.0,2.3,1.0,16.8,0.3,0
40.0,56.0,2.3,1.6,22.4,1.3,4
40.0,6.0,2.3,1.2999999999999883,19.60000000000001,0.7999999999999996,2
9.0,25.0,1.6,1.0,14.0,0.6,2
9.0,19.0,1.6,1.0,14.0,0.6,2
6.0,32.0,1.6,1.0,24.8,0.6,4
45.0,65.0,,,24.8,,0
3.0,7.0,,,24.8,,2
24.0,50.0,,,,,4
3.0,12.0,1.5,4.7,27.2,,1
,17.0,1.5,4.7,27.2,,2
6.0,18.0,1.5,2.8,23.3,2.3,1
10.0,21.0,,8.4,11.2,2.3,2
8.0,17.0,,5.599999999999987,20.0,2.3,1
10.0,42.0,,8.4,15.600000000000007,,2
,30.0,,38.0,20.0,,2
,13.0,1.8,4.0,29.6,0.2,1
,19.0,1.8,20.999999999999986,29.6,0.2,2
17.0,32.0,0.4,1.4,28.7,0.3,4
14.0,21.0,0.4,1.4,28.7,0.3,2
15.5,17.0,3.4,10.2,11.2,0.3,2
9.0,19.0,3.4,8.2,8.0,,2
9.0,63.0,3.4,9.199999999999985,9.600000000000007,,0
9.0,109.0,3.4,8.2,8.0,,0
,30.0,,,22.8,0.2,1
6.0,9.0,,,11.2,0.3,2
6.0,16.0,,,34.4,0.24999999999999956,1
4.0,3.0,1.2,1.2,21.6,0.3,1
7.0,17.0,1.9,9.2,16.3,0.6,2
5.5,15.0,1.5499999999999998,1.7,11.2,0.2,2
10.0,25.0,1.9,5.449999999999985,13.750000000000007,1.5,2
10.0,16.0,,1.7,11.2,0.2,2
10.0,21.0,,,,0.8499999999999995,2
10.0,28.0,,,,0.2,2
10.0,21.0,,,23.3,2.9,1
26.0,38.0,1.0,,13.0,0.1,4
6.0,14.0,2.3,11.2,34.0,1.4999999999999996,1
16.0,26.0,1.6499999999999997,190.8,216.5,91.6,1
6.0,13.0,2.3,100.99999999999999,125.25,91.6,2
24.0,24.0,0.1,8.1,15.5,0.2,4
24.0,25.0,0.1,11.4,15.2,0.5,2
6.0,21.0,0.1,9.749999999999986,15.35,0.35,2
14.0,22.0,2.3,6.0,16.0,0.5,2
10.0,6.0,2.3,6.0,16.0,,2
14.0,25.0,2.3,6.0,16.0,,2
13.0,38.0,2.2,5.5,14.7,0.6,4
13.0,32.0,2.2,5.5,14.7,0.6,2
13.0,25.0,2.2,5.5,14.7,0.6,2
,20.0,,6.5,25.6,,1
6.0,11.0,2.3,8.6,20.0,0.3,1
6.0,11.0,2.3,7.549999999999986,22.8,0.3,2
10.0,17.0,2.3,1.3,32.0,0.3,1
10.0,30.0,,38.0,32.0,,2
10.0,7.0,,19.649999999999984,32.0,,2
,27.0,,38.0,9.8,,2
24.0,55.0,0.1,18.3,9.8,0.5,0
22.0,54.0,0.1,3.7,15.2,0.2,4
23.0,10.0,2.2,4.7,28.1,0.3500000000000001,1
22.0,6.0,2.2,4.199999999999987,21.65,0.2,2
22.0,41.0,1.0,8.3,12.2,0.1,4
9.0,17.0,1.0,8.3,20.8,0.1,1
15.5,9.0,178.4,2.9,20.0,0.1,1
9.0,13.0,1.9,5.0,24.1,,1
,16.0,90.15,3.949999999999987,22.050000000000004,,2
5.0,20.0,5.6,15.3,0.1,,2
5.0,50.0,5.6,1.1,21.6,,4
5.0,1.0,5.6,8.199999999999987,10.850000000000001,,2
